id,prediction
2018-01-02,10.94960233242746
2018-01-03,11.972297563674985
2018-01-04,12.352379843935495
2018-01-05,12.047718454511502
2018-01-08,12.226267345898002
2018-01-09,11.81229346120562
2018-01-10,12.283773136728541
2018-01-11,12.552325861087667
2018-01-12,12.650935432082628
2018-01-16,12.184456721425809
2018-01-17,11.86754759646765
2018-01-18,12.449537452321877
2018-01-19,12.401813790605246
2018-01-22,12.424488689771183
2018-01-23,12.914377790839247
2018-01-24,12.485383036509704
2018-01-25,12.304651441748133
2018-01-26,12.608727384780087
2018-01-29,13.268280542198463
2018-01-30,12.905956870409971
2018-01-31,13.643622776286405
2018-02-01,13.365318876864324
2018-02-02,12.573207318883561
2018-02-05,11.604474609861596
2018-02-06,11.686283474768933
2018-02-07,11.409654591271824
2018-02-08,11.219552732017467
2018-02-09,11.507864249205326
2018-02-12,11.604283142382911
2018-02-13,11.886638546163084
2018-02-14,12.180145780260212
2018-02-15,12.121660879107017
2018-02-16,11.871293751230027
2018-02-20,11.96559311179134
2018-02-21,11.698477907331638
2018-02-22,11.747108362401056
2018-02-23,11.907024754624183
2018-02-26,12.035197513485167
2018-02-27,12.355877302634594
2018-02-28,11.992201400840372
2018-03-01,11.817768414011368
2018-03-02,11.604193794804438
2018-03-05,11.63042166649681
2018-03-06,11.568580002175517
2018-03-07,12.157223150774128
2018-03-08,12.294595479137861
2018-03-09,11.82446477667346
2018-03-12,11.539608195646954
2018-03-13,11.687335567308933
2018-03-14,11.467601088916373
2018-03-15,11.639184716281038
2018-03-16,11.194343605349367
2018-03-19,11.185944377087525
2018-03-20,11.166387002100437
2018-03-21,11.344632106068516
2018-03-22,10.678883666270778
2018-03-23,10.471516315956485
2018-03-26,10.521526777097344
2018-03-27,10.304704176214061
2018-03-28,9.978725412843582
2018-03-29,9.980751005819315
2018-04-02,10.068325560492125
2018-04-03,9.809652526910561
2018-04-04,10.105871792462127
2018-04-05,10.1661285187607
2018-04-06,9.94745435222309
2018-04-09,9.873644107435496
2018-04-10,10.003937214872243
2018-04-11,10.04214709113423
2018-04-12,10.025562008901284
2018-04-13,10.213959391695148
2018-04-16,10.31113691066333
2018-04-17,10.652190261302865
2018-04-18,10.418415344439014
2018-04-19,10.275296415833738
2018-04-20,10.1085193251628
2018-04-23,10.251127508867826
2018-04-24,10.139541410341755
2018-04-25,10.274079567977177
2018-04-26,11.197282262459723
2018-04-27,11.387980059010133
2018-04-30,10.863414964707784
2018-05-01,11.263962407052782
2018-05-02,11.195505784465757
2018-05-03,10.851754281342265
2018-05-04,11.273509229025981
2018-05-07,11.62631000254607
2018-05-08,11.584554958397447
2018-05-09,12.059653669443819
2018-05-10,12.46821479758261
2018-05-11,12.264446716833314
2018-05-14,12.522751348981616
2018-05-15,12.555051343305275
2018-05-16,13.247063422767487
2018-05-17,12.897857969763677
2018-05-18,13.04912868111869
2018-05-21,13.00425887059069
2018-05-22,13.104041264253361
2018-05-23,13.194896302456518
2018-05-24,13.633320522187114
2018-05-25,13.680285468739742
2018-05-29,13.526024432644553
2018-05-30,13.910050805101854
2018-05-31,13.868111121332312
2018-06-01,14.79032095389892
2018-06-04,15.152890931227292
2018-06-05,14.90730655517372
2018-06-06,15.781952808206675
2018-06-07,15.234563962635269
2018-06-08,15.21675734218227
2018-06-11,15.685107968474645
2018-06-12,16.001313743893913
2018-06-13,16.41518046458049
2018-06-14,16.620899909535364
2018-06-15,16.224308231912847
2018-06-18,17.198803712378492
2018-06-19,16.57606138267749
2018-06-20,16.47955706437493
2018-06-21,15.89396538055332
2018-06-22,15.604087910651051
2018-06-25,15.01918397285281
2018-06-26,15.019456380810901
2018-06-27,14.867703042257867
2018-06-28,14.98322974061591
2018-06-29,14.789829172775688
2018-07-02,14.872571467418354
2018-07-03,15.085971442786658
2018-07-05,15.19088652868752
2018-07-06,16.287779075844213
2018-07-09,16.23187049532065
2018-07-10,15.927642509508921
2018-07-11,15.817614010463236
2018-07-12,16.054588533490787
2018-07-13,15.974406442277575
2018-07-16,16.40783461874666
2018-07-17,16.642481162575123
2018-07-18,16.925243480016423
2018-07-19,16.854901467436097
2018-07-20,16.690157065483998
2018-07-23,16.59241266242947
2018-07-24,16.28703682718024
2018-07-25,16.34974601478265
2018-07-26,18.247816361949273
2018-07-27,19.188907555485553
2018-07-30,19.83766287351335
2018-07-31,18.68719825331476
2018-08-01,18.301505060390493
2018-08-02,18.681349850481244
2018-08-03,18.75238471388377
2018-08-06,19.51531523329315
2018-08-07,19.494950974733328
2018-08-08,19.531089558016376
2018-08-09,18.999663262072847
2018-08-10,18.951094509687024
2018-08-13,19.47655558099001
2018-08-14,20.407002434789927
2018-08-15,19.340916393228817
2018-08-16,19.07732671287489
2018-08-17,19.249996036214473
2018-08-20,19.760327263261246
2018-08-21,20.138028079400176
2018-08-22,20.63273511264877
2018-08-23,22.22513284306272
2018-08-24,23.87422683909033
2018-08-27,25.855600778574992
2018-08-28,25.34328902529046
2018-08-29,25.80407960428951
2018-08-30,25.77458468147294
2018-08-31,25.622166794207203
2018-09-04,28.044752834170325
2018-09-05,28.755378741351677
2018-09-06,27.933693655843246
2018-09-07,27.047944781470505
2018-09-10,29.805944060121874
2018-09-11,30.18615392447624
2018-09-12,31.62272606997493
2018-09-13,31.124452522583752
2018-09-14,32.74394571656027
2018-09-17,32.372670806153145
2018-09-18,32.23501076688371
2018-09-19,30.69569683140308
2018-09-20,31.062760083628344
2018-09-21,30.78594781171343
2018-09-24,31.967395828008573
2018-09-25,32.14661987321619
2018-09-26,31.587081597963515
2018-09-27,32.02655590476252
2018-09-28,31.139344232669163
2018-10-01,31.450800120688267
2018-10-02,30.214328625204093
2018-10-03,29.32714940043296
2018-10-04,27.973467963603387
2018-10-05,27.029130420463975
2018-10-08,26.51836073066646
2018-10-09,26.869057881712155
2018-10-10,25.05136273124479
2018-10-11,24.905950126019068
2018-10-12,25.69363756965936
2018-10-15,25.718472213203828
2018-10-16,27.478401018491336
2018-10-17,26.896680519852158
2018-10-18,26.182022695779096
2018-10-19,23.911520580029133
2018-10-22,24.80951219306833
2018-10-23,24.509102564232776
2018-10-24,22.660642451026064
2018-10-25,19.22888009694213
2018-10-26,17.837063888554226
2018-10-29,17.202948405171014
2018-10-30,17.158162590281453
2018-10-31,18.116764275300408
2018-11-01,19.979575190308967
2018-11-02,20.41646928739733
2018-11-05,20.059930710955104
2018-11-06,20.62757878428371
2018-11-07,21.93843747855456
2018-11-08,21.50416210429699
2018-11-09,20.915106508511943
2018-11-12,19.315346234320288
2018-11-13,19.404618665502426
2018-11-14,20.87626800531
2018-11-15,21.196684709385163
2018-11-16,20.423439090958514
2018-11-19,19.52284605184109
2018-11-20,19.098553135114653
2018-11-21,19.216620233584063
2018-11-23,19.247577640663604
2018-11-26,20.10513428079204
2018-11-27,20.860409359407345
2018-11-28,21.474656714273028
2018-11-29,21.283912355618607
2018-11-30,21.224733757491418
2018-12-03,23.310068347992484
2018-12-04,21.872234508255445
2018-12-06,21.094721087296154
2018-12-07,19.720669197269228
2018-12-10,19.923504047842304
2018-12-11,20.266817222974527
2018-12-12,20.377960647272374
2018-12-13,20.145237174260075
2018-12-14,19.966179585439722
2018-12-17,19.16623384042825
2018-12-18,19.53726294624823
2018-12-19,18.38703576176361
2018-12-20,18.129466951216035
2018-12-21,17.49925116140103
2018-12-24,17.0697466265884
2018-12-26,17.820660508285446
2018-12-27,17.690032589414322
2018-12-28,18.07478905057063
2018-12-31,18.750072666558566
2019-01-02,18.977112569041974
2019-01-03,17.442396436773475
2019-01-04,18.917399195491104
2019-01-07,20.263781702260648
2019-01-08,20.881270818821115
2019-01-09,20.559535736683813
2019-01-10,19.586953684046815
2019-01-11,20.337833280418653
2019-01-14,20.335867057803256
2019-01-15,20.56455001609476
2019-01-16,20.016797549254445
2019-01-17,20.226751930635146
2019-01-18,20.72927146337904
2019-01-22,19.899836467208587
2019-01-23,19.931261049723805
2019-01-24,20.797212551746128
2019-01-25,21.889429903802025
2019-01-28,20.521298765424714
2019-01-29,19.947053575872758
2019-01-30,23.08518278798412
2019-01-31,24.076148041940417
2019-02-01,24.652099010248975
2019-02-04,24.59569113297914
2019-02-05,23.33775813616099
2019-02-06,23.321220420108688
2019-02-07,22.506750215401922
2019-02-08,23.07931012505242
2019-02-11,22.94945951073809
2019-02-12,23.097979358390166
2019-02-13,22.873850152811738
2019-02-14,22.925121326459486
2019-02-15,23.652771341305257
2019-02-19,23.725653669422286
2019-02-20,23.944427404281527
2019-02-21,23.804822514645327
2019-02-22,24.267232850599385
2019-02-25,24.81931972315311
2019-02-26,24.397822542753577
2019-02-27,23.607921302220756
2019-02-28,23.53218093073106
2019-03-01,23.784132180894705
2019-03-04,23.398088340712206
2019-03-05,23.50690013501853
2019-03-06,22.927166665244783
2019-03-07,22.376139312276468
2019-03-08,22.41221238026844
2019-03-11,22.937634018491107
2019-03-12,23.511527995479252
2019-03-13,23.50660094391036
2019-03-14,23.042568974683377
2019-03-15,23.22178648284449
2019-03-18,23.18476168526068
2019-03-19,25.496337869358143
2019-03-20,25.877414254910978
2019-03-21,27.54843931353445
2019-03-22,26.409996529842786
2019-03-25,25.79107886179203
2019-03-26,25.963630249715294
2019-03-27,25.099282695945366
2019-03-28,25.238612503417297
2019-03-29,25.55317445431743
2019-04-01,26.218467724066837
2019-04-02,26.72893866358605
2019-04-03,28.854570665513478
2019-04-04,29.109434605291273
2019-04-05,29.127012019272673
2019-04-08,28.259450721899025
2019-04-09,27.30595920843649
2019-04-10,27.596508572928954
2019-04-11,27.57728406663476
2019-04-12,27.737187586000157
2019-04-15,27.237937277786724
2019-04-16,27.69860490461158
2019-04-17,27.893681833239288
2019-04-18,27.831908290661676
2019-04-22,28.2555166772259
2019-04-23,28.290236169718465
2019-04-24,28.64619266008783
2019-04-25,28.047041604562484
2019-04-26,27.38163517590768
2019-04-29,27.408289672043725
2019-04-30,27.332030191249824
2019-05-01,27.102140041179407
2019-05-02,27.98132194369858
2019-05-03,27.78552852755668
2019-05-06,27.225826474347326
2019-05-07,26.49885300548858
2019-05-08,26.804515369839077
2019-05-09,26.88130392126345
2019-05-10,27.482912050622236
2019-05-13,25.963564749157115
2019-05-14,27.01423661856803
2019-05-15,27.159687373145562
2019-05-16,27.62553793852473
2019-05-17,27.436969538307675
2019-05-20,26.57949234152139
2019-05-21,26.834472389922286
2019-05-22,27.16425270645661
2019-05-23,26.11608650615965
2019-05-24,26.364740609827972
2019-05-28,28.562286813186073
2019-05-29,28.046145469802536
2019-05-30,27.976705696412846
2019-05-31,27.292019551911626
2019-06-03,27.47412978873832
2019-06-04,28.97898613034754
2019-06-05,29.414137376479374
2019-06-06,31.66596811972209
2019-06-07,32.06857362385306
2019-06-10,33.09360315507425
2019-06-11,32.1731591678182
2019-06-12,31.778994118088292
2019-06-13,31.3586476906236
2019-06-14,30.23466370281145
2019-06-17,29.27313587655947
2019-06-18,29.97769197519047
2019-06-19,30.193107204222013
2019-06-20,30.0244793925816
2019-06-21,28.98118504169184
2019-06-24,29.10246281273219
2019-06-25,28.740853857962964
2019-06-26,29.732737131971373
2019-06-27,30.308641303731367
2019-06-28,29.995713801441962
2019-07-01,31.30763155705377
2019-07-02,30.83882470769613
2019-07-03,30.94337261345383
2019-07-05,30.924733606222663
2019-07-08,31.5722626042127
2019-07-09,32.47144104013593
2019-07-10,32.944701859613836
2019-07-11,32.58864812615474
2019-07-12,32.61997399980785
2019-07-15,33.27836495020397
2019-07-16,33.30435510981682
2019-07-17,33.16391437429272
2019-07-18,32.67812234707994
2019-07-19,32.22185979608008
2019-07-22,32.85238943931261
2019-07-23,33.169267599860625
2019-07-24,33.67840116204436
2019-07-25,33.237344852195285
2019-07-26,33.61945160756719
2019-07-29,33.18893351061728
2019-07-30,33.59972622103082
2019-07-31,31.214786638999424
2019-08-01,30.298232474937265
2019-08-02,29.32346347987347
2019-08-05,27.99148486222087
2019-08-06,28.83756670653352
2019-08-07,28.97522554459721
2019-08-08,33.28649391581657
2019-08-09,33.93303148297901
2019-08-12,32.62911716001647
2019-08-13,32.47154664805446
2019-08-14,30.491291993269254
2019-08-15,29.64441751046338
2019-08-16,31.15909224484058
2019-08-19,32.09518430598012
2019-08-20,30.806203101740653
2019-08-21,31.667359337034355
2019-08-22,31.716886168404958
2019-08-23,29.95861052443748
2019-08-26,30.474701935492675
2019-08-27,30.39822429651637
2019-08-28,30.850943069717875
2019-08-29,31.478698778527377
2019-08-30,31.447349186689618
2019-09-03,30.840501111451612
2019-09-04,31.331399017245406
2019-09-05,32.011347506563745
2019-09-06,30.77830864557242
2019-09-09,30.784737247113792
2019-09-10,30.522869864252467
2019-09-11,30.29245098734776
2019-09-12,30.602761006179577
2019-09-13,30.78453963194454
2019-09-16,31.137620972929465
2019-09-17,31.060295605660503
2019-09-18,30.70183955998456
2019-09-19,30.735484348969237
2019-09-20,30.68606050689999
2019-09-23,30.829984111485853
2019-09-24,30.096083453578775
2019-09-25,29.913535142084044
2019-09-26,29.748362437177477
2019-09-27,29.266387685428104
2019-09-30,29.376117074798398
2019-10-01,29.363367227046155
2019-10-02,28.567128274594154
2019-10-03,28.80994279557105
2019-10-04,29.139858322277785
2019-10-07,29.363824962599292
2019-10-08,28.5609665736648
2019-10-09,28.713914374240176
2019-10-10,28.50243082042319
2019-10-11,30.19023729734289
2019-10-14,30.69128679745305
2019-10-15,31.173989104561116
2019-10-16,30.923632491824367
2019-10-17,31.165671675681494
2019-10-18,30.975440316905082
2019-10-21,32.37255688013813
2019-10-22,32.09104631121857
2019-10-23,31.279614392922685
2019-10-24,31.674819031825166
2019-10-25,33.03257239857078
2019-10-28,34.055692468334584
2019-10-29,33.66960650007757
2019-10-30,33.69103199743132
2019-10-31,34.38873162916128
2019-11-01,35.53151808910025
2019-11-04,36.52180273963752
2019-11-05,36.92180957350562
2019-11-06,36.32699176561848
2019-11-07,36.43034277992866
2019-11-08,36.47709752360805
2019-11-11,36.46844468291772
2019-11-12,37.04655315361331
2019-11-13,37.946591260390484
2019-11-14,38.1586573425198
2019-11-15,38.68317926982337
2019-11-18,39.80224361574809
2019-11-19,40.76170131806259
2019-11-20,40.07117421283922
2019-11-21,39.15923720811484
2019-11-22,39.22034966769791
2019-11-25,39.70686203958537
2019-11-26,39.33308165223365
2019-11-27,39.40069047989796
2019-11-29,39.19353108573949
2019-12-02,38.934667023629686
2019-12-03,38.696726447333994
2019-12-04,39.39422190722657
2019-12-05,39.6728396543653
2019-12-06,39.862620847645616
2019-12-09,39.24983241126954
2019-12-10,39.437284288860276
2019-12-11,39.59981509183132
2019-12-12,42.360422199827326
2019-12-13,41.98246115279096
2019-12-16,42.53285147723457
2019-12-17,44.01490637163712
2019-12-18,42.72686202407971
2019-12-19,43.282876961939934
2019-12-20,44.98925810943669
2019-12-23,45.64571955760443
2019-12-24,46.0565010439652
2019-12-26,46.97932256458326
2019-12-27,46.825744431444974
2019-12-30,45.99301376955182
2019-12-31,46.2159375696817
2020-01-02,49.285371964745416
2020-01-03,48.76851412636697
2020-01-06,47.77864239719645
2020-01-07,48.38356048274028
2020-01-08,47.92479439659539
2020-01-09,48.93398954764746
2020-01-10,47.807066589097786
2020-01-13,48.77076714052483
2020-01-14,48.55677769099605
2020-01-15,48.45149672602312
2020-01-16,49.3738379329149
2020-01-17,50.50776231914879
2020-01-21,50.72019468494411
2020-01-22,50.77685456043232
2020-01-23,50.7242874516163
2020-01-24,50.59370133424421
2020-01-27,48.597089340675346
2020-01-28,49.77829834198646
2020-01-29,48.22467539746115
2020-01-30,48.53634334547812
2020-01-31,47.06273675322285
2020-02-03,47.4359086640868
2020-02-04,49.60748925145731
2020-02-05,50.030858661204576
2020-02-06,49.596002857412465
2020-02-07,49.92490442788843
2020-02-10,51.53097721625638
2020-02-11,53.043565005077994
2020-02-12,53.1586311396186
2020-02-13,53.931349902321244
2020-02-14,55.29691845870125
2020-02-18,56.40029762978435
2020-02-19,57.99272562203537
2020-02-20,57.183463111271045
2020-02-21,54.0929712876107
2020-02-24,49.559115004460864
2020-02-25,48.20801913410335
2020-02-26,48.20983184976961
2020-02-27,44.70928645762313
2020-02-28,44.85531128481267
2020-03-02,46.92888586431146
2020-03-03,47.508290166325764
2020-03-04,50.04157545115205
2020-03-05,48.84787066604986
2020-03-06,47.70449770420746
2020-03-09,43.44470977513373
2020-03-10,45.20101417980101
2020-03-11,45.22104706880065
2020-03-12,39.494102277802284
2020-03-13,42.67051084590497
2020-03-16,39.23793636194872
2020-03-17,41.27565540900098
2020-03-18,38.844719140710666
2020-03-19,39.077085399430665
2020-03-20,39.993737920828046
2020-03-23,41.26852969483303
2020-03-24,45.53805380907958
2020-03-25,44.665833791541786
2020-03-26,46.41942875481576
2020-03-27,45.492164937884745
2020-03-30,46.67813954957828
2020-03-31,45.32354550966128
2020-04-01,43.47754726768769
2020-04-02,43.84423366817409
2020-04-03,42.41991612778816
2020-04-06,47.20602779691024
2020-04-07,48.06161932946801
2020-04-08,48.51592152905179
2020-04-09,48.15355981676395
2020-04-13,49.548200367081414
2020-04-14,54.136085380270536
2020-04-15,53.89646520493222
2020-04-16,56.522485055858766
2020-04-17,56.04165148774708
2020-04-20,56.34224736010035
2020-04-21,51.25898722209158
2020-04-22,54.56492219937565
2020-04-23,55.51361585041089
2020-04-24,55.25973067475283
2020-04-27,55.828979472471225
2020-04-28,55.43362997502468
2020-04-29,54.50163483001227
2020-04-30,52.78401771886857
2020-05-01,50.50620444172653
2020-05-04,51.44740952048566
2020-05-05,52.158186167471776
2020-05-06,52.15044805754366
2020-05-07,52.3009788767527
2020-05-08,53.17548864628346
2020-05-11,55.30014980494113
2020-05-12,53.51933306337103
2020-05-13,52.17039093153923
2020-05-14,54.35511476763321
2020-05-15,54.04269528638264
2020-05-18,54.40196275862862
2020-05-19,55.65067736589475
2020-05-20,56.579219193903015
2020-05-21,54.487407457729404
2020-05-22,54.96087400378724
2020-05-26,53.45651709549377
2020-05-27,53.2943018085287
2020-05-28,52.49219373829069
2020-05-29,53.966861040031866
2020-06-01,53.43270336800439
2020-06-02,53.226421547996985
2020-06-03,52.948533072639805
2020-06-04,52.94341389609104
2020-06-05,53.439972793206636
2020-06-08,53.103297591283706
2020-06-09,56.42589101493084
2020-06-10,57.2786846290495
2020-06-11,53.74324948805466
2020-06-12,53.42532012836074
2020-06-15,54.902547343558155
2020-06-16,54.78333414349791
2020-06-17,55.06829845996801
2020-06-18,54.49469935114203
2020-06-19,55.17129750021818
2020-06-22,55.19856722663436
2020-06-23,54.22721676372955
2020-06-24,53.42338081712493
2020-06-25,52.657483995285276
2020-06-26,51.80532235879957
2020-06-29,51.52759193726954
2020-06-30,53.372961847315544
2020-07-01,53.08656961492761
2020-07-02,53.1384826284127
2020-07-06,53.859053054894254
2020-07-07,53.25516474788876
2020-07-08,53.460624586506526
2020-07-09,56.99744823011582
2020-07-10,56.43342436550203
2020-07-13,54.504033270010346
2020-07-14,55.4209288519754
2020-07-15,56.088055722740584
2020-07-16,55.34137518708794
2020-07-17,55.43454900294005
2020-07-20,57.04238179638079
2020-07-21,57.480130184984255
2020-07-22,60.25469058296999
2020-07-23,59.50844686859049
2020-07-24,68.27054154698925
2020-07-27,69.01059039462855
2020-07-28,67.6306036943887
2020-07-29,75.15566859628773
2020-07-30,77.07398897948043
2020-07-31,76.67697462998491
2020-08-03,76.93098144887828
2020-08-04,83.52071428874179
2020-08-05,84.75974838310425
2020-08-06,85.95072775861361
2020-08-07,84.66457012525451
2020-08-10,82.40792986769655
2020-08-11,77.05889867354684
2020-08-12,81.66004758833715
2020-08-13,81.79497741157037
2020-08-14,81.04873799754817
2020-08-17,82.04166242553129
2020-08-18,81.38070234805399
2020-08-19,80.29647777546795
2020-08-20,82.28427249179727
2020-08-21,83.6447658084908
2020-08-24,83.24732047691155
2020-08-25,85.73926264316627
2020-08-26,85.87125081095284
2020-08-27,83.81485665858307
2020-08-28,85.27226425439606
2020-08-31,89.78806012380967
2020-09-01,91.50415638207836
2020-09-02,90.04041514058463
2020-09-03,83.40301144465067
2020-09-04,81.73103407722995
2020-09-08,77.72438110379555
2020-09-09,81.3160745562863
2020-09-10,79.51584632242516
2020-09-11,76.15727128004255
2020-09-14,78.18652882525082
2020-09-15,78.72444795088224
2020-09-16,77.48961947208413
2020-09-17,76.1372764213361
2020-09-18,74.62988426193459
2020-09-21,77.93414320109262
2020-09-22,77.89686876145261
2020-09-23,74.73705505781108
2020-09-24,75.51212820583473
2020-09-25,77.11386264619782
2020-09-28,79.54151617439332
2020-09-29,81.98312247179024
2020-09-30,82.27674206739403
2020-10-01,84.53958665169574
2020-10-02,82.24194147279269
2020-10-05,85.690460630364
2020-10-06,84.73201708348917
2020-10-07,86.40070486555491
2020-10-08,86.88449487678137
2020-10-09,83.5453645246058
2020-10-12,84.12133644708008
2020-10-13,84.90830620426271
2020-10-14,84.15155562449566
2020-10-15,83.04537919189102
2020-10-16,83.0896871170147
2020-10-19,82.37712441851777
2020-10-20,81.89956978124816
2020-10-21,79.74851962327844
2020-10-22,79.33332692300901
2020-10-23,81.89505667066912
2020-10-26,82.81608467138749
2020-10-27,79.8444249839772
2020-10-28,77.03656661528022
2020-10-29,78.14962134142662
2020-10-30,75.53934880397033
2020-11-02,74.84438859803674
2020-11-03,76.29877785741321
2020-11-04,81.41644221649368
2020-11-05,83.03408088893478
2020-11-06,85.57407419057789
2020-11-09,83.40899834742099
2020-11-10,78.8811346297609
2020-11-11,81.35946909131094
2020-11-12,82.16777260488696
2020-11-13,81.85170591436359
2020-11-16,83.37695690843513
2020-11-17,83.46224312902775
2020-11-18,82.92034480773968
2020-11-19,85.14256380582906
2020-11-20,84.8870138783896
2020-11-23,85.29367082320015
2020-11-24,84.97802233516558
2020-11-25,86.43724369055133
2020-11-27,87.58128114190033
2020-11-30,91.8104505561163
2020-12-01,92.62234031834457
2020-12-02,93.70723043854645
2020-12-03,92.61447987701429
2020-12-04,93.59628122851144
2020-12-07,93.81353206881046
2020-12-08,92.80791788255829
2020-12-09,90.08698991660107
2020-12-10,90.95347172120738
2020-12-11,91.31482441465208
2020-12-14,94.07632347161443
2020-12-15,96.62529150070709
2020-12-16,96.80671813076167
2020-12-17,96.76420627891707
2020-12-18,95.78176342793044
2020-12-21,93.20520024040736
2020-12-22,92.22470278137548
2020-12-23,91.8464615393553
2020-12-24,92.01471471618932
2020-12-28,91.88196578680827
2020-12-29,90.55162680580129
2020-12-30,91.72009079777324
2020-12-31,91.97674751174395
2021-01-04,92.70482898752446
2021-01-05,92.53389203950144
2021-01-06,90.33651920170627
2021-01-07,94.58359648211956
2021-01-08,94.40404427340509
2021-01-11,96.64734838302975
2021-01-12,95.85061242541578
2021-01-13,91.99613366438399
2021-01-14,90.65619056681855
2021-01-15,88.09852779468106
2021-01-19,88.71409890783394
2021-01-20,88.8183049578267
2021-01-21,91.02285829457843
2021-01-22,93.25997545552629
2021-01-25,94.06190302428969
2021-01-26,94.5395281041454
2021-01-27,88.83782715097387
2021-01-28,88.05946486987484
2021-01-29,85.61256795222585
2021-02-01,86.76425886124817
2021-02-02,88.51627559075901
2021-02-03,87.77268403096791
2021-02-04,87.82378028669712
2021-02-05,87.69668950066902
2021-02-08,90.72233115839113
2021-02-09,90.76728120687869
2021-02-10,91.46560460840425
2021-02-11,92.53257578913083
2021-02-12,93.23764610992481
2021-02-16,91.68557264656425
2021-02-17,89.56902563008835
2021-02-18,88.29310861119991
2021-02-19,89.52357642158334
2021-02-22,85.55902714550803
2021-02-23,84.45941511170467
2021-02-24,86.2448319524223
2021-02-25,83.12439266987133
2021-02-26,84.36121082941496
2021-03-01,85.96773783501526
2021-03-02,84.15264959528446
2021-03-03,81.38560761977371
2021-03-04,78.07686114362059
2021-03-05,78.27156914631227
2021-03-08,74.38442943004996
2021-03-09,78.35038427741918
2021-03-10,77.8747118533246
2021-03-11,81.010034656821
2021-03-12,80.52808596329832
2021-03-15,82.29669155569957
2021-03-16,83.06436176413705
2021-03-17,82.60108430354546
2021-03-18,78.77012462337689
2021-03-19,78.84738555988451
2021-03-22,80.67056182142458
2021-03-23,78.71291958277293
2021-03-24,76.82600383597419
2021-03-25,75.93875630301214
2021-03-26,77.39627819263723
2021-03-29,77.31845229420027
2021-03-30,75.71703425302718
2021-03-31,78.67489249543367
2021-04-01,80.97627541206163
2021-04-05,80.99302571943342
2021-04-06,81.50033494916171
2021-04-07,81.99971505346271
2021-04-08,82.8826243790173
2021-04-09,82.76774681850536
2021-04-12,79.19883434307816
2021-04-13,80.00727719503034
2021-04-14,78.563955518953
2021-04-15,82.83383261218187
2021-04-16,82.27054222688203
2021-04-19,81.30830366438603
2021-04-20,79.14585103120358
2021-04-21,80.90780384061306
2021-04-22,79.24274870683682
2021-04-23,82.79566822628817
2021-04-26,84.96481257828343
2021-04-27,84.93587517643515
2021-04-28,84.44800369140887
2021-04-29,83.76472289648792
2021-04-30,81.66042978410995
2021-05-03,78.92151958142347
2021-05-04,78.66377680699514
2021-05-05,78.04532523964781
2021-05-06,77.88914632153062
2021-05-07,78.46819445507127
2021-05-10,76.36625954847983
2021-05-11,76.36215364638518
2021-05-12,74.75937479948136
2021-05-13,73.94351292221484
2021-05-14,74.29884049454219
2021-05-17,74.31512910794955
2021-05-18,74.19406712230035
2021-05-19,76.1771963613073
2021-05-20,78.03115117547935
2021-05-21,77.2993989714974
2021-05-24,77.52080989720024
2021-05-25,77.992627740426
2021-05-26,78.10763597123324
2021-05-27,78.21960574023198
2021-05-28,79.47653093028073
2021-06-01,80.79578291891738
2021-06-02,82.04380508145528
2021-06-03,80.40692850411999
2021-06-04,81.6100668059239
2021-06-07,80.98856446195735
2021-06-08,81.35854557089233
2021-06-09,80.14287474636919
2021-06-10,81.31814997647813
2021-06-11,81.45373091078379
2021-06-14,81.34044265032395
2021-06-15,80.70566019433754
2021-06-16,80.07812493505975
2021-06-17,84.66878204717075
2021-06-18,85.09198104452493
2021-06-21,83.26950709562988
2021-06-22,83.9095966160739
2021-06-23,83.9511956070176
2021-06-24,86.16528337181636
2021-06-25,85.76013396165276
2021-06-28,87.65492381736726
2021-06-29,89.8353025079292
2021-06-30,93.81904424902552
2021-07-01,93.2959853611831
2021-07-02,94.172980819827
2021-07-06,94.28319436446652
2021-07-07,90.88940065878364
2021-07-08,89.60266208004255
2021-07-09,90.68075688891311
2021-07-12,90.98948164921698
2021-07-13,90.50936487171619
2021-07-14,89.73639252791243
2021-07-15,87.57455601873009
2021-07-16,86.46494278241498
2021-07-19,86.77853605883809
2021-07-20,86.99586247752048
2021-07-21,89.57682666404206
2021-07-22,91.34226774823397
2021-07-23,92.20608678150631
2021-07-26,92.96717711766557
2021-07-27,91.83407515944627
2021-07-28,97.38949925922411
2021-07-29,103.07776860876966
2021-07-30,106.12154440928309
2021-08-02,108.07698617400543
2021-08-03,112.80432570212857
2021-08-04,118.08923424295467
2021-08-05,112.78878133821087
2021-08-06,110.39460876907197
2021-08-09,108.1103293600038
2021-08-10,106.59142389466807
2021-08-11,107.38829010656373
2021-08-12,106.44838118750893
2021-08-13,110.16371561665812
2021-08-16,107.20035112782743
2021-08-17,107.19193072699284
2021-08-18,103.92398422482442
2021-08-19,104.27089053784137
2021-08-20,104.90740528681444
2021-08-23,108.39105623014495
2021-08-24,108.1844707192688
2021-08-25,108.30165823219961
2021-08-26,107.99479445671057
2021-08-27,111.4913087643056
2021-08-30,111.50225648353596
2021-08-31,110.42315507949394
2021-09-01,109.87480732704837
2021-09-02,109.3300856902377
2021-09-03,109.87318716439763
2021-09-07,109.0363987475825
2021-09-08,106.36636384993874
2021-09-09,106.29829033330479
2021-09-10,105.44916701195564
2021-09-13,104.66971916000671
2021-09-14,105.58487792163832
2021-09-15,105.45222809130082
2021-09-16,105.80243336110713
2021-09-17,104.29974348320691
2021-09-20,101.98172631784034
2021-09-21,103.04044387679828
2021-09-22,104.50594985177129
2021-09-23,105.77183388905068
2021-09-24,106.00885541210624
2021-09-27,107.31031927826417
2021-09-28,102.81152411209575
2021-09-29,100.73815942030517
2021-09-30,103.26196747094427
2021-10-01,102.56754417477983
2021-10-04,100.55234017344982
2021-10-05,102.18095625312952
2021-10-06,103.07502579938266
2021-10-07,106.37171964567356
2021-10-08,105.1861120329083
2021-10-11,104.74691997980085
2021-10-12,105.20211445284399
2021-10-13,108.37681866483884
2021-10-14,111.80958395697532
2021-10-15,112.31079472111571
2021-10-18,115.67350272345321
2021-10-19,116.04689198956002
2021-10-20,115.9928876856538
2021-10-21,119.26277967210224
2021-10-22,120.26045777548116
2021-10-25,122.18155700181251
2021-10-26,123.68367841454786
2021-10-27,123.24779411358986
2021-10-28,121.72568576288045
2021-10-29,120.49202528500012
2021-11-01,123.86338458425469
2021-11-02,127.00252348144842
2021-11-03,130.08340598346456
2021-11-04,136.60831470856343
2021-11-05,137.35364413440763
2021-11-08,149.31564165581207
2021-11-09,147.97689920136415
2021-11-10,140.80842851591058
2021-11-11,145.80685190951428
2021-11-12,147.25811788426464
2021-11-15,146.88177955610354
2021-11-16,151.3528400558982
2021-11-17,152.08740949807506
2021-11-18,156.28188268569983
2021-11-19,156.1478420779488
2021-11-22,153.28151927691908
2021-11-23,149.356633263821
2021-11-24,156.106536436705
2021-11-26,154.93118810357646
2021-11-29,160.95871676739822
2021-11-30,158.6649941608081
2021-12-01,149.90310034176204
2021-12-02,150.11160286290456
2021-12-03,144.46918030337486
2021-12-06,139.18402762113604
2021-12-07,144.10045882348876
2021-12-08,144.90989058894664
2021-12-09,139.41737029291727
2021-12-10,138.0762440485111
2021-12-13,134.96536684528652
2021-12-14,134.77390344367328
2021-12-15,145.2919755392169
2021-12-16,139.60613275193128
2021-12-17,137.88696404118647
2021-12-20,135.61615735145014
2021-12-21,143.3091053383545
2021-12-22,143.74255431879357
2021-12-23,145.85890035702084
2021-12-27,153.24128487378212
2021-12-28,153.52588469827515
2021-12-29,148.5803962976617
2021-12-30,145.07768823170292
2021-12-31,143.7411435901271
2022-01-03,149.81646097767938
2022-01-04,144.43389156089623
2022-01-05,136.1161670773016
2022-01-06,135.7515480461249
2022-01-07,133.21478652537763
2022-01-10,131.31579266743827
2022-01-11,136.61771925661552
2022-01-12,136.76259606201836
2022-01-13,133.6210374622879
2022-01-14,135.76216785107965
2022-01-18,131.65092316617506
2022-01-19,128.94013232376258
2022-01-20,122.73581204082605
2022-01-21,119.55623526128885
2022-01-24,116.22029945118142
2022-01-25,111.30952935577182
2022-01-26,111.26369976490099
2022-01-27,103.42653510290363
2022-01-28,104.45060631669872
2022-01-31,114.0666442948535
2022-02-01,116.73301818088488
2022-02-02,123.41856135232842
2022-02-03,120.31542690276892
2022-02-04,122.97924610124096
2022-02-07,124.02180737599485
2022-02-08,126.99898188111347
2022-02-09,131.59714128440888
2022-02-10,126.67266454713526
2022-02-11,114.51698303484488
2022-02-14,114.66132384336447
2022-02-15,120.47436554963276
2022-02-16,117.67884901661971
2022-02-17,113.0358093410253
2022-02-18,113.68469886164591
2022-02-22,115.55789419955755
2022-02-23,110.29599841891911
2022-02-24,115.4948099028101
2022-02-25,119.81960638122861
2022-02-28,122.88931835565836
2022-03-01,114.57265137226302
2022-03-02,117.86304060262707
2022-03-03,112.54345176242377
2022-03-04,109.08129731136789
2022-03-07,103.3026921216656
2022-03-08,105.37226769635375
2022-03-09,110.47065543967081
2022-03-10,106.21280172598006
2022-03-11,104.62202572078024
2022-03-14,102.47061781483829
2022-03-15,108.08010050194974
2022-03-16,115.08002315508304
2022-03-17,112.23526050182579
2022-03-18,113.66779864454661
2022-03-21,115.53015851279353
2022-03-22,115.19884947088364
2022-03-23,113.98760341268508
2022-03-24,119.47981417958992
2022-03-25,119.26130301006856
2022-03-28,119.69986698535809
2022-03-29,122.9773413676021
2022-03-30,120.35181584643293
2022-03-31,110.29436917792383
2022-04-01,107.88907697451629
2022-04-04,110.29634392275595
2022-04-05,106.73084428475829
2022-04-06,104.18593644546752
2022-04-07,103.93386296054236
2022-04-08,101.74516278422486
2022-04-11,98.03521515392542
2022-04-12,96.08549040659716
2022-04-13,97.59450714703696
2022-04-14,94.46338059974198
2022-04-18,94.23785759168231
2022-04-19,96.81318983487701
2022-04-20,94.94222678625846
2022-04-21,91.309923776274
2022-04-22,88.94681743382756
2022-04-25,90.82921119725295
2022-04-26,86.05422689607288
2022-04-27,85.5097568028962
2022-04-28,89.43379516057998
2022-04-29,86.57371419037601
2022-05-02,89.4144994674407
2022-05-03,91.33453223629908
2022-05-04,98.96552461348973
2022-05-05,94.99446788846684
2022-05-06,95.67675374724577
2022-05-09,87.12347185828692
2022-05-10,88.62237689971083
2022-05-11,88.90043405872262
2022-05-12,87.04017830232033
2022-05-13,94.2873427767998
2022-05-16,94.54827984996678
2022-05-17,102.12124991177286
2022-05-18,96.99072904240997
2022-05-19,97.05287185828996
2022-05-20,93.83865089647598
2022-05-23,94.70248464921663
2022-05-24,91.1321302115471
2022-05-25,92.37541106128496
2022-05-26,97.75501042887184
2022-05-27,102.06431456188766
2022-05-31,102.26396389186569
2022-06-01,101.04909732909304
2022-06-02,107.2835261901637
2022-06-03,106.37544487306315
2022-06-06,105.49983753292106
2022-06-07,105.03704826699311
2022-06-08,102.33529574434549
2022-06-09,98.98550352192233
2022-06-10,95.68150416597716
2022-06-13,87.8939331019585
2022-06-14,87.15562733429086
2022-06-15,89.22531655283517
2022-06-16,82.86909544160955
2022-06-17,81.97065160104053
2022-06-21,83.88436980402058
2022-06-22,83.9157341880438
2022-06-23,82.91280457897831
2022-06-24,86.5883863200147
2022-06-27,86.364226324129
2022-06-28,81.60249721156474
2022-06-29,78.59882709156453
2022-06-30,77.00944400146528
2022-07-01,74.10345474527628
2022-07-05,74.79775272209223
2022-07-06,75.31806320800223
2022-07-07,79.14833835070091
2022-07-08,79.22433936370889
2022-07-11,77.3788245732479
2022-07-12,76.10250659962163
2022-07-13,77.8356680057229
2022-07-14,78.63900854600315
2022-07-15,80.65169726388486
2022-07-18,81.89472826167419
2022-07-19,85.89178875506452
2022-07-20,88.78685171523459
2022-07-21,90.90183255698435
2022-07-22,88.71522791906251
2022-07-25,87.31942324480308
2022-07-26,85.6145632173018
2022-07-27,89.84740599169278
2022-07-28,91.40787289435924
2022-07-29,93.99778227628467
2022-08-01,96.6144131929705
2022-08-02,98.32893187284384
2022-08-03,97.59571944907823
2022-08-04,102.95055814604052
2022-08-05,102.15985296855276
2022-08-08,99.11606680379128
2022-08-09,95.63936567667497
2022-08-10,98.56057556253451
2022-08-11,98.3637551081254
2022-08-12,100.12874946423317
2022-08-15,100.93108686516621
2022-08-16,99.24199742475587
2022-08-17,98.07597892318618
2022-08-18,99.60683918825583
2022-08-19,96.00026571178847
2022-08-22,92.71637331148759
2022-08-23,92.20097096721774
2022-08-24,92.45904952659147
2022-08-25,95.98889917278711
2022-08-26,92.16013190523654
2022-08-29,88.48386540476548
2022-08-30,86.38429426426721
2022-08-31,84.46437787437962
2022-09-01,81.70853135755789
2022-09-02,80.7216590563316
2022-09-06,78.56583092313798
2022-09-07,78.982782701617
2022-09-08,82.34996602346844
2022-09-09,84.60879688572226
2022-09-12,83.89389644240268
2022-09-13,77.38510671000103
2022-09-14,76.98624196813785
2022-09-15,76.19656739068718
2022-09-16,75.3712892076024
2022-09-19,76.15067186848337
2022-09-20,74.32035176775118
2022-09-21,74.48132778316428
2022-09-22,69.83144219445127
2022-09-23,67.91727914353963
2022-09-26,66.276030900233
2022-09-27,66.62507533376201
2022-09-28,67.83226451838406
2022-09-29,64.18852298106364
2022-09-30,62.8545124702757
2022-10-03,65.33378768255308
2022-10-04,67.98830328085512
2022-10-05,67.44812185494173
2022-10-06,68.06807314069796
2022-10-07,59.00345454962628
2022-10-10,58.22403564672368
2022-10-11,57.90233152299567
2022-10-12,58.117056501356764
2022-10-13,58.90082934380359
2022-10-14,57.119559806700806
2022-10-17,58.0390437736532
2022-10-18,58.35093572478053
2022-10-19,57.60371702032072
2022-10-20,58.25588464412306
2022-10-21,59.28525617459184
2022-10-24,58.98252461243038
2022-10-25,61.164531356853736
2022-10-26,60.16198520573053
2022-10-27,59.61338842614126
2022-10-28,62.06945609371703
2022-10-31,60.82718961065373
2022-11-01,60.24743334708322
2022-11-02,59.75209082214167
2022-11-03,60.98187291049583
2022-11-04,61.96293768370541
2022-11-07,62.65444482909225
2022-11-08,63.962075718806396
2022-11-09,60.57245258169124
2022-11-10,68.47631652503452
2022-11-11,71.83769569478928
2022-11-14,73.47920928732991
2022-11-15,76.39827090556817
2022-11-16,72.90226201262219
2022-11-17,73.12926456947264
2022-11-18,73.2114487414467
2022-11-21,72.21103943104067
2022-11-22,74.13805458056451
2022-11-23,76.35786808060537
2022-11-25,74.70486673399405
2022-11-28,72.84389697602516
2022-11-29,73.1249433798835
2022-11-30,77.2958684509462
2022-12-01,77.07055313716303
2022-12-02,74.46206909628204
2022-12-05,73.14579987543375
2022-12-06,70.46585179469606
2022-12-07,69.74828913218147
2022-12-08,70.5995677454914
2022-12-09,68.7787607546437
2022-12-12,70.48239476570926
2022-12-13,72.38195441167812
2022-12-14,69.3462481570215
2022-12-15,66.86339796964216
2022-12-16,65.81458097914246
2022-12-19,65.14046526898888
2022-12-20,65.30774957834377
2022-12-21,67.0271169218109
2022-12-22,63.63076483915044
2022-12-23,65.0250770004018
2022-12-27,63.303926003223104
2022-12-28,62.22402208657988
2022-12-29,65.05682177505169
2022-12-30,65.22792926447221
2023-01-03,63.815975748285815
2023-01-04,65.12848359518735
2023-01-05,62.80566808638181
2023-01-06,63.73162362952089
2023-01-09,67.95270364625708
2023-01-10,68.28825723199203
2023-01-11,69.56068462340335
2023-01-12,71.39701958078571
2023-01-13,71.19702998648391
2023-01-17,71.78003399844111
2023-01-18,71.19599401771266
2023-01-19,67.9594306209061
2023-01-20,69.85402507150518
2023-01-23,76.24280022936036
2023-01-24,74.95001228516544
2023-01-25,74.67429448426302
2023-01-26,75.31339611425709
2023-01-27,75.03195555709121
2023-01-30,72.7848695706781
2023-01-31,74.50669808956381
2023-02-01,83.81920390590335
2023-02-02,88.26309188109109
2023-02-03,86.93865095054332
2023-02-06,83.74053818191567
2023-02-07,85.93092741691531
2023-02-08,85.32802770895715
2023-02-09,83.72510758356975
2023-02-10,81.842111590616
2023-02-13,82.85292162315748
2023-02-14,85.73727907830745
2023-02-15,85.22540946580325
2023-02-16,81.21393794694684
2023-02-17,78.6130864614443
2023-02-21,76.88423694871287
2023-02-22,76.6186009678882
2023-02-23,79.64971083574375
2023-02-24,78.11871138154574
2023-02-27,78.87008972801746
2023-02-28,78.46525902053507
2023-03-01,78.14804327174342
2023-03-02,79.73604809983883
2023-03-03,81.18609253498978
2023-03-06,81.36786130447392
2023-03-07,82.46010195767637
2023-03-08,85.04239285229802
2023-03-09,84.1152190848601
2023-03-10,83.06486583504208
2023-03-13,81.83416409008377
2023-03-14,86.61049437821613
2023-03-15,89.8228464254827
2023-03-16,95.43843583103713
2023-03-17,97.8747768934248
2023-03-20,96.85698670685599
2023-03-21,96.1147179570916
2023-03-22,97.29001949375356
2023-03-23,99.94066007050303
2023-03-24,98.05129026830025
2023-03-27,96.80947421024011
2023-03-28,94.89610451811224
2023-03-29,95.89438043326385
2023-03-30,98.20718283795601
2023-03-31,98.21278257433177
2023-04-03,96.78763603447898
2023-04-04,96.36471072663933
2023-04-05,93.10450162287715
2023-04-06,92.92035593044773
2023-04-10,95.390121248087
2023-04-11,94.43245568955138
2023-04-12,93.00866398204822
2023-04-13,92.50656555008725
2023-04-14,91.77187429640996
2023-04-17,89.90707379210743
2023-04-18,90.38755988638074
2023-04-19,89.82912919746768
2023-04-20,90.01873572292997
2023-04-21,88.67055225591663
2023-04-24,87.78337799217435
2023-04-25,84.25961955997653
2023-04-26,86.13529677782088
2023-04-27,86.92245470649493
2023-04-28,89.41729395704631
2023-05-01,89.55046095588972
2023-05-02,90.0064739904509
2023-05-03,82.60499174196922
2023-05-04,86.89471162492636
2023-05-05,89.28314365007623
2023-05-08,94.11892125505166
2023-05-09,95.13433724808043
2023-05-10,97.68114759089518
2023-05-11,97.28832580207991
2023-05-12,95.32837024031544
2023-05-15,96.99224459934055
2023-05-16,101.11762899780639
2023-05-17,103.57533801569629
2023-05-18,107.38472244411668
2023-05-19,106.13967649424767
2023-05-22,107.21381456012249
2023-05-23,108.08000339208884
2023-05-24,107.4844784388671
2023-05-25,119.65950175749514
2023-05-26,126.13937674954123
2023-05-30,125.35740939888795
2023-05-31,118.52289605489472
2023-06-01,119.0541147645183
2023-06-02,118.2093931840776
2023-06-05,117.87036914298676
2023-06-06,122.84214556325321
2023-06-07,118.74519043108023
2023-06-08,120.17285107322333
2023-06-09,124.96765683966332
2023-06-12,128.90272516027488
2023-06-13,125.77266569392471
2023-06-14,126.73886899835605
2023-06-15,124.15441513217297
2023-06-16,121.01017744380407
2023-06-20,119.00064689541848
2023-06-21,113.2820349005438
2023-06-22,111.6264156779451
2023-06-23,109.83012684556809
2023-06-26,108.38261609736576
2023-06-27,110.39630503444364
2023-06-28,110.0375642177688
2023-06-29,111.35457083707085
2023-06-30,114.15999579600584
2023-07-03,115.53391747916224
2023-07-05,114.54451595470111
2023-07-06,113.44147923883109
2023-07-07,113.46426533192052
2023-07-10,113.77316438910061
2023-07-11,111.60704704825464
2023-07-12,114.76699264825349
2023-07-13,115.98877389659481
2023-07-14,116.43549158044236
2023-07-17,117.82651188355929
2023-07-18,117.68153222509589
2023-07-19,117.07235022742947
2023-07-20,110.55491292162655
2023-07-21,111.05919671049685
2023-07-24,110.14814191151288
2023-07-25,113.3038020541659
2023-07-26,109.4474117323432
2023-07-27,111.800223990409
2023-07-28,113.64801479109657
2023-07-31,114.64161547477636
2023-08-01,117.21971026526903
2023-08-02,110.14159144951897
2023-08-03,113.06114177182103
2023-08-04,115.32233582342047
2023-08-07,116.96985916514645
2023-08-08,113.37373420226324
2023-08-09,110.87105590619694
2023-08-10,110.6934111861574
2023-08-11,106.9257150879982
2023-08-14,110.79684434494486
2023-08-15,111.7623205523742
2023-08-16,107.63115012480829
2023-08-17,104.66647539497536
2023-08-18,104.97955440121622
2023-08-21,107.44779948555966
2023-08-22,105.69925827246
2023-08-23,108.41774245286098
2023-08-24,102.46992915486085
2023-08-25,101.9529924394519
2023-08-28,102.74053231340802
2023-08-29,105.71838276127433
2023-08-30,106.71344439571494
2023-08-31,105.77888114923142
2023-09-01,109.07629342157998
2023-09-05,109.80658860660283
2023-09-06,109.21764798315506
2023-09-07,106.41462753440736
2023-09-08,106.12501251708416
2023-09-11,105.14094591076234
2023-09-12,105.08714680710676
2023-09-13,107.29765569853544
2023-09-14,106.49061355982705
2023-09-15,102.5011106793657
2023-09-18,102.17967410158626
2023-09-19,101.9131809218893
2023-09-20,100.38322993199137
2023-09-21,96.61640533925397
2023-09-22,96.50787831629225
2023-09-25,97.20911886019606
2023-09-26,96.30684710892301
2023-09-27,98.10467934437467
2023-09-28,102.31685395678217
2023-09-29,103.12660368087325
2023-10-02,103.3529904324535
2023-10-03,99.99258755112412
2023-10-04,103.5604633250385
2023-10-05,102.85425804364392
2023-10-06,106.59631723173379
2023-10-09,106.47968329919892
2023-10-10,108.13382064887402
2023-10-11,108.5115495769067
2023-10-12,108.63547613446057
2023-10-13,105.31640035834057
2023-10-16,106.28790319529101
2023-10-17,104.935489224358
2023-10-18,102.61410904613872
2023-10-19,102.77813183964825
2023-10-20,102.69831861729516
2023-10-23,99.67847396855124
2023-10-24,100.9567080228175
2023-10-25,96.24936932472833
2023-10-26,93.88974105682041
2023-10-27,96.1300366987305
2023-10-30,96.03608830150442
2023-10-31,98.85406563718925
2023-11-01,106.61132472981404
2023-11-02,107.25909469319078
2023-11-03,112.44360957174695
2023-11-06,111.56363636223864
2023-11-07,113.40285210503919
2023-11-08,113.88858298501323
2023-11-09,113.64640849202432
2023-11-10,118.07035139635218
2023-11-13,116.79914179401617
2023-11-14,119.81423681146873
2023-11-15,118.28745115336396
2023-11-16,118.99603649186754
2023-11-17,120.80399493635821
2023-11-20,121.69615257457791
2023-11-21,119.39195555993449
2023-11-22,122.6673495775019
2023-11-24,122.00194846397653
2023-11-27,122.69486625724771
2023-11-28,121.78450739025338
2023-11-29,124.38828255172045
2023-11-30,121.67678935129511
2023-12-01,121.33177858396402
2023-12-04,118.70944840295897
2023-12-05,118.31643376340257
2023-12-06,117.92581582921916
2023-12-07,127.32246507379193
2023-12-08,128.7626510168241
2023-12-11,132.8739080650706
2023-12-12,136.72888583156126
2023-12-13,138.12549548452913
2023-12-14,138.1484127003694
2023-12-15,140.0519274974022
2023-12-18,139.51302130917944
2023-12-19,140.8308363777281
2023-12-20,135.70930623092178
2023-12-21,140.39691904650212
2023-12-22,140.0239557158612
2023-12-26,143.48702616671358
2023-12-27,145.33407731635893
2023-12-28,147.94236670120324
2023-12-29,148.4807379460618
2024-01-02,139.54179513645929
2024-01-03,135.54701149724403
2024-01-04,135.70933142331222
2024-01-05,138.7455502181926
2024-01-08,145.8841613421238
2024-01-09,148.76843575444687
2024-01-10,148.3317477659832
2024-01-11,147.56658719781151
2024-01-12,146.62353076972238
2024-01-16,157.18696908972316
2024-01-17,159.75852164549596
2024-01-18,163.01197814251057
2024-01-19,172.75855983673122
2024-01-22,169.09571047082832
2024-01-23,167.7121628825059
2024-01-24,177.14668184690757
2024-01-25,181.10519528922225
2024-01-26,177.22575340252664
2024-01-29,177.66376112530557
2024-01-30,172.76726642185292
2024-01-31,167.8387880537663
2024-02-01,169.42323343445528
2024-02-02,177.2057479281544
2024-02-05,174.57969459567494
2024-02-06,169.343014322273
2024-02-07,170.78833955106174
2024-02-08,169.8180217409289
2024-02-09,172.2111087267613
2024-02-12,173.53410059785628
2024-02-13,170.92712212549336
2024-02-14,178.55104598521098
2024-02-15,177.2284039928752
2024-02-16,175.12779106028918
2024-02-20,166.73392986288917
2024-02-21,164.90341716433727
2024-02-22,182.0645903490553
2024-02-23,178.00754686009418
2024-02-26,176.14500873516064
2024-02-27,177.93988013218782
2024-02-28,175.35818088843158
2024-02-29,192.06842441546846
2024-03-01,201.2993243727453
2024-03-04,204.51231879361163
2024-03-05,203.37768370086198
2024-03-06,210.33143850311717
2024-03-07,211.1518017152297
2024-03-08,208.00084959253385
2024-03-11,197.83205239631738
2024-03-12,201.14217175201657
2024-03-13,195.9185920890275
2024-03-14,187.43191311269845
2024-03-15,190.15826775967426
2024-03-18,189.16026257758745
2024-03-19,181.87156974834465
2024-03-20,179.2703431649417
2024-03-21,180.81838768315038
2024-03-22,179.11854449992086
2024-03-25,178.7580758611555
2024-03-26,178.36596826491575
2024-03-27,178.97176195969692
2024-03-28,180.43521568278405
2024-04-01,184.96447012636165
2024-04-02,179.11054548473916
2024-04-03,180.57258276776176
2024-04-04,168.085729342909
2024-04-05,170.69623184622708
2024-04-08,170.3036755496909
2024-04-09,170.47747918315574
2024-04-10,168.0049839554641
2024-04-11,170.2637282687676
2024-04-12,163.68774806348716
2024-04-15,161.00353213320446
2024-04-16,163.44568995926213
2024-04-17,155.87591839457397
2024-04-18,155.94637475580578
2024-04-19,146.48627666632123
2024-04-22,148.554144153522
2024-04-23,152.09635758592768
2024-04-24,152.51875590877978
2024-04-25,151.97118018734753
2024-04-26,156.9041575801421
2024-04-29,159.14335799606377
2024-04-30,158.75347308996314
2024-05-01,144.5274261804374
2024-05-02,145.49230120025524
2024-05-03,151.26097002841846
2024-05-06,154.7755520759782
2024-05-07,154.74775992670382
2024-05-08,154.17600803245284
2024-05-09,152.5811196974454
2024-05-10,152.52709258404138
2024-05-13,151.50831203501534
2024-05-14,152.90692599003702
2024-05-15,158.8982555329593
2024-05-16,162.43189551581358
2024-05-17,164.2529463852205
2024-05-20,165.75388644930214
2024-05-21,164.2431356053457
2024-05-22,165.35385520826645
2024-05-23,160.91330104597375
2024-05-24,165.20611975217477
2024-05-28,170.75552630651256
2024-05-29,164.98825641203615
2024-05-30,166.3792298891702
2024-05-31,165.73229772263335
2024-06-03,163.52502710630142
2024-06-04,160.0853152219669
2024-06-05,165.06945674449835
2024-06-06,166.80877662481893
2024-06-07,167.69050727712002
2024-06-10,161.00462568066175
2024-06-11,159.1632497957161
2024-06-12,160.95960816330674
2024-06-13,160.09297804094106
2024-06-14,159.2898850484458
2024-06-17,158.55101599218213
2024-06-18,155.46741874491306
2024-06-20,161.26101597244244
2024-06-21,161.53349229222843
2024-06-24,160.59174065467482
2024-06-25,159.71192228764764
2024-06-26,158.32563524669453
2024-06-27,159.2720329093618
2024-06-28,162.66307763714005
2024-07-01,158.09415060193058
2024-07-02,163.50433885114975
2024-07-03,163.4558645037321
2024-07-05,171.57722440956846
2024-07-08,178.29352916312277
2024-07-09,176.83647611643536
2024-07-10,183.88657846125307
2024-07-11,182.37201344110872
2024-07-12,182.57248071509164
2024-07-15,180.03262167489
2024-07-16,176.91880831850662
2024-07-17,159.70234441749398
2024-07-18,156.7022935292728
2024-07-19,151.83799424340836
2024-07-22,155.63322681163632
2024-07-23,154.24503297159734
2024-07-24,145.08812911611497
2024-07-25,138.70478441598402
2024-07-26,140.8329047970283
2024-07-29,140.45916700537072
2024-07-30,138.55315681711488
2024-07-31,145.05364461299703
2024-08-01,134.61881556932033
2024-08-02,133.31801166849922
2024-08-05,133.61208928900518
2024-08-06,130.88849737880173
2024-08-07,129.21805979395853
2024-08-08,135.66205496920566
2024-08-09,133.8239651103535
2024-08-12,136.55913769959764
2024-08-13,141.14779696388806
2024-08-14,140.7594585496438
2024-08-15,146.52290595541618
2024-08-16,148.36475253114494
2024-08-19,153.98082432049466
2024-08-20,156.37032086882422
2024-08-21,157.33051398893315
2024-08-22,151.6535012204138
2024-08-23,154.66586345237212
2024-08-26,150.4596611052442
2024-08-27,150.63776471075371
2024-08-28,145.92521946823413
2024-08-29,145.59404617669406
2024-08-30,148.0852086780171
2024-09-03,137.589332235064
2024-09-04,140.91109201803397
2024-09-05,139.66824992647653
2024-09-06,134.5073372652023
2024-09-09,137.62060093435676
2024-09-10,142.26271778292428
2024-09-11,148.81957575883212
2024-09-12,150.97105210738883
2024-09-13,152.20716720409106
2024-09-16,151.792164888749
2024-09-17,151.36602681272063
2024-09-18,148.6260428534309
2024-09-19,156.57120918322585
2024-09-20,155.3957104080186
2024-09-23,156.59219320382326
2024-09-24,157.80483989709754
2024-09-25,161.26030321091295
2024-09-26,166.72693580317272
2024-09-27,164.53115011534723
2024-09-30,163.34880590753843
2024-10-01,160.04504105223182
2024-10-02,159.9028445691616
2024-10-03,162.19516818698978
2024-10-04,169.29269470786537
2024-10-07,169.72800537113565
2024-10-08,173.04023000161496
2024-10-09,170.68249393224593
2024-10-10,164.65800703300167
2024-10-11,166.51074474988982
2024-10-14,165.45860591322653
2024-10-15,156.55083056103103
2024-10-16,156.0859250683889
2024-10-17,156.52741306110363
2024-10-18,156.15328400422266
2024-10-21,157.4901650716815
2024-10-22,154.27412720273267
2024-10-23,152.37396454487495
2024-10-24,153.66078608657722
2024-10-25,156.26012160949384
2024-10-28,159.01559980528017
2024-10-29,164.86566498822063
2024-10-30,149.43563742496355
2024-10-31,143.69705047784757
2024-11-01,141.68728515214477
2024-11-04,140.3760189300782
2024-11-05,141.01777946546056
2024-11-06,144.56296482761914
2024-11-07,148.72573065518392
2024-11-08,148.46129855314643
2024-11-11,146.87298718432245
2024-11-12,143.25729522666202
2024-11-13,139.92686447049107
2024-11-14,139.5012553372546
2024-11-15,134.79194905826967
2024-11-18,139.17760477352445
2024-11-19,139.46082683067127
2024-11-20,136.99474514726884
2024-11-21,137.05723518025164
2024-11-22,137.75224377072507
2024-11-25,140.89269689251384
2024-11-26,137.25722575714423
2024-11-27,135.75180864456746
2024-11-29,136.91408739649455
2024-12-02,141.9178754484259
2024-12-03,142.19595697334736
2024-12-04,143.81939093631055
2024-12-05,141.67808760109554
2024-12-06,139.22585508763987
2024-12-09,131.1507671920891
2024-12-10,128.03975097609
2024-12-11,129.19160753214288
2024-12-12,130.2249032270732
2024-12-13,127.17653607048112
2024-12-16,126.10395583751536
2024-12-17,124.8307552757894
2024-12-18,122.16528669920399
2024-12-19,119.42879235433075
2024-12-20,119.23662101434628
2024-12-23,124.14585767242518
2024-12-24,125.93832507548676
2024-12-26,125.87213405004154
2024-12-27,124.6593429922752
2024-12-30,122.70050093143858
2024-12-31,120.97301711444213
2025-01-02,120.92825319481
2025-01-03,124.98447164252423
2025-01-06,129.1368940144623
2025-01-07,128.14987667094317
2025-01-08,122.39842455790938
2025-01-10,116.12148953214178
2025-01-13,117.20058693501159
2025-01-14,116.13375151209232
2025-01-15,119.29802640703893
2025-01-16,118.98225095761177
2025-01-17,121.45499532011421
2025-01-21,122.25747130724932
2025-01-22,123.86504758615304
2025-01-23,122.51743790288056
2025-01-24,123.15842902794907
2025-01-27,115.07894848032124
2025-01-28,113.99882414048481
2025-01-29,117.08965814850937
2025-01-30,118.53880360543126
2025-01-31,116.26295826941457
2025-02-03,114.49608810939783
2025-02-04,119.12436989473831
2025-02-05,112.1046965827976
2025-02-06,110.23939904110033
2025-02-07,107.99301795580136
2025-02-10,110.6745258366813
2025-02-11,111.2325843746429
2025-02-12,111.37946882195729
2025-02-13,112.07867409355386
2025-02-14,113.24936641958004
2025-02-18,114.42047887002691
2025-02-19,114.76969942144426
2025-02-20,114.34180619169994
2025-02-21,111.2880789279078
2025-02-24,108.48990915957499
2025-02-25,104.31947483729351
2025-02-26,105.14934982452591
2025-02-27,99.61393321275722
2025-02-28,99.50619650141168
2025-03-03,98.73313711583393
2025-03-04,100.42440924709986
2025-03-05,101.49268003910515
2025-03-06,99.07874549783928
2025-03-07,99.63891391282164
2025-03-10,97.05140756721092
2025-03-11,97.1257534010435
2025-03-12,100.71809640818753
2025-03-13,98.24740450068423
2025-03-14,100.58652928587564
2025-03-17,104.62655754307555
2025-03-18,103.73616550611598
2025-03-19,105.94049422546686
2025-03-20,106.86183997546023
2025-03-21,106.3767538786196
2025-03-24,113.63964729443127
2025-03-25,114.49357615360525
2025-03-26,110.75684943658744
2025-03-27,106.58809749478807
2025-03-28,103.25085972712697
2025-03-31,102.10010990018846
2025-04-01,102.662748068481
2025-04-02,102.95081130261258
2025-04-03,94.28474915746007
2025-04-04,85.98444209639534
2025-04-07,83.48450739872563
2025-04-08,79.39370781353786
2025-04-09,95.64524621080723
2025-04-10,88.52827985051182
2025-04-11,92.94013279093872
2025-04-14,95.02855903383839
2025-04-15,95.65755935541308
2025-04-16,87.99788970684567
2025-04-17,88.06653531187494
2025-04-21,85.50717247434913
2025-04-22,86.4822186531077
2025-04-23,90.5815332130328
2025-04-24,93.24706919472162
2025-04-25,96.26345534480856
2025-04-28,95.91028581105523
2025-04-29,95.72920574638407
2025-04-30,96.47957361596958
2025-05-01,96.76798430603309
2025-05-02,98.80578446914973
2025-05-05,100.37087423902032
2025-05-06,98.80924875880324
2025-05-07,100.37486437278746
2025-05-08,102.82967171174606
2025-05-09,103.56272923982836
2025-05-12,108.41078562706508
2025-05-13,112.96514178710582
2025-05-14,117.7824872645967
2025-05-15,115.15840679199312
2025-05-16,117.09703988981312
2025-05-19,114.81631900262715
2025-05-20,113.71444877471002
2025-05-21,112.67748922447527
2025-05-22,111.10971265936269
2025-05-23,110.30107382212888
2025-05-27,114.34674163318653
2025-05-28,113.24303801935885
2025-05-29,113.65322862575194
2025-05-30,110.4826143031189
2025-06-02,114.50063635969703
2025-06-03,116.76477833505714
2025-06-04,118.14178802224983
2025-06-05,116.10210096107518
2025-06-06,116.29465455507187
2025-06-09,121.43440701164276
2025-06-10,122.96677751605488
2025-06-11,121.61724033925105
2025-06-12,118.5927701992931
2025-06-13,116.19654344414403
2025-06-16,125.14156642679927
2025-06-17,127.60949980403593
2025-06-18,126.95447888819392
2025-06-20,128.27921831332003
2025-06-23,129.50604761338158
2025-06-24,137.56980541182543
2025-06-25,143.61901819581462
2025-06-26,143.93377373607674
2025-06-27,144.2371776665282
2025-06-30,143.29977592940853
2025-07-01,135.8338936740769
2025-07-02,137.81133380891097
2025-07-03,138.9202559569575
2025-07-07,134.99882884941317
2025-07-08,137.25115938386045
2025-07-09,139.62513315042796
2025-07-10,144.8581783292849
2025-07-11,146.7617446425139
2025-07-14,146.63496022356344
2025-07-15,155.87775517939474
2025-07-16,159.08517369505435
2025-07-17,160.17314237623648
2025-07-18,157.37419210634621
2025-07-21,157.3057526999328
2025-07-22,153.99529115358638
2025-07-23,158.49416543103737
2025-07-24,161.769645146559
2025-07-25,165.44328430339527
2025-07-28,173.54873482932908
2025-07-29,177.50514873413098
2025-07-30,178.6792843889547
2025-07-31,176.82429961904083
2025-08-01,171.9003871100126
2025-08-04,176.77345011043982
2025-08-05,174.9973978349691
2025-08-06,163.20552605953029
2025-08-07,172.31977696737707
2025-08-08,173.61367425764297
2025-08-11,172.07117148709503
2025-08-12,174.88102292293516
2025-08-13,183.2593523119103
2025-08-14,180.92683295267685
2025-08-15,177.70106163100536
2025-08-18,176.3975481510471
2025-08-19,168.44391810504908
2025-08-20,165.02347823895414
2025-08-21,164.36162166336345
2025-08-22,166.61145464389108
2025-08-25,163.2577480420441
2025-08-26,166.46243415966205
2025-08-27,166.89515701482125
2025-08-28,168.51994295067564
2025-08-29,163.31191152738208
2025-09-02,161.34678499207857
2025-09-03,162.04121630155723
2025-09-04,161.19818597110915
2025-09-05,151.54936746383657
2025-09-08,151.7546966948216
2025-09-09,156.12588322226176
2025-09-10,160.4655955742326
2025-09-11,156.6962874482082
2025-09-12,159.04987470236185
2025-09-15,161.12754414959306
2025-09-16,160.88620939628677
2025-09-17,158.70963570507604
2025-09-18,157.55543625716618
2025-09-19,157.6850891853014
2025-09-22,160.86864252694795
2025-09-23,160.8504257124536
2025-09-24,160.85058624940268
2025-09-25,160.4870629305154
2025-09-26,160.1884425997481
2025-09-29,161.98053403382784
2025-09-30,162.37626732469994
2025-10-01,163.61336032006173
2025-10-02,170.18976190573608
2025-10-03,166.0793352060347
2025-10-06,204.9341589605605
2025-10-07,211.400032723687
2025-10-08,233.6842586594088
2025-10-09,232.7815263024895
2025-10-10,214.69947942043373
2025-10-13,217.28635172588437
2025-10-14,218.00282062454974
2025-10-15,237.23682704414793
2025-10-16,234.95339814706645
2025-10-17,232.89709371524233
2025-10-20,240.244648052202
2025-10-21,237.77498859366528
2025-10-22,231.48881979067298
2025-10-23,234.70249665854374
2025-10-24,252.4677084208704
2025-10-27,258.64311731969536
2025-10-28,258.2176957889294
2025-10-29,260.98848378174154
2025-10-30,255.4288556368937
2025-10-31,257.03233352334104
2025-11-03,258.4338829658183
2025-11-04,251.26253470306392
2025-11-05,256.247264637098
2025-11-06,239.01457322572955
2025-11-07,232.80605478276502
2025-11-10,245.76325799718245
2025-11-11,238.1255815655813
2025-11-12,256.7676061731197
2025-11-13,248.23248765976828
2025-11-14,246.43229397602212
2025-11-17,240.79372023847205
2025-11-18,229.2229152726674
2025-11-19,224.97700922649543
2025-11-20,206.5707062810567
2025-11-21,202.189558597551
2025-11-24,214.72178907166503
2025-11-25,205.6809442291179
2025-11-26,214.31515402524147
2025-11-28,217.26295650870915
2025-12-01,218.72631685874262
2025-12-02,216.91823061947215
2025-12-03,217.15569517746
2025-12-04,216.56282862197645
2025-12-05,218.72548560768527
2025-12-08,221.21860609558
2025-12-09,221.8161845742528
2025-12-10,221.121009378791
2025-12-11,219.9172880669092
2025-12-12,211.00984170346305
2025-12-15,208.13583344423853
2025-12-16,208.4269002369873
2025-12-17,199.00514754348714
2025-12-18,201.19194198958462
2025-12-19,213.14712823435988
2025-12-22,214.98009915179546
2025-12-23,214.60757460366554
2025-12-24,215.10774312583553
2025-12-26,214.09645897479513
2025-12-29,214.3521258734078
2025-12-30,215.9336937165361
2025-12-31,215.04384229616485
2026-01-02,222.90185097465792
2026-01-05,221.6942629319282
2026-01-06,215.05359300324963
2026-01-07,210.84678583346977
2026-01-08,205.00741753210085
2026-01-09,203.47297088842905
2026-01-12,207.21285744228464
2026-01-13,221.33213161309916
2026-01-14,223.85297049759117
2026-01-15,229.52585543177256
2026-01-16,229.8179305710669
2026-01-20,230.5773657015717
2026-01-21,249.34107499156212
2026-01-22,252.6449288499516
2026-01-23,258.2006513688109
2026-01-26,252.37440722189726
2026-01-27,252.35214932484857
2026-01-28,253.26525363477904
2026-01-29,252.4825038071219
2026-01-30,237.27086959816629
2026-02-02,245.69459514167013
2026-02-03,242.87951392902082
2026-02-04,200.75538665583724
2026-02-05,194.0326179463632
2026-02-06,208.50466015601896
2026-02-09,215.43485364004746
